mesh_id,disease_name
D015746,Abdominal Pain
D000013,Congenital Abnormality
D000022,Spontaneous abortion
D000033,Threatened abortion
D000052,Acanthosis Nigricans
D000130,Achondroplasia
D000163,Acquired Immunodeficiency Syndrome
D000168,Apert syndrome
D010195,Acute pancreatitis
D000230,Adenocarcinoma
D000236,Adenoma
D000310,Adrenal Gland Neoplasms
D000341, Psychotic"
D055728,Primary Myelofibrosis
D000380,Agranulocytosis
D000419,Albuminuria
D000437,Alcohol Use Disorder
D000430,Alcohol Withdrawal Delirium
D000435,Alcoholic Intoxication
D000342,Alexithymia
D000471,Alkalosis
D000505,Alopecia
D000506,Alopecia Areata
D000542,Extrinsic allergic alveolitis
D000544,Alzheimer's Disease
D000564,Ameloblastoma
D000647,Amnesia
D002821,Infection of amniotic cavity
D000686,Amyloidosis
D000690,Amyotrophic Lateral Sclerosis
D000740,Anemia
D000741,Aplastic Anemia
D000744,Autoimmune hemolytic anemia
D000748, Macrocytic"
D000749, Megaloblastic"
D000753,Refractory anemias
D000755, Sickle Cell"
D000757,Anencephaly
D000783,Aneurysm
D000094665,Arterial Dissection
D000787,Angina Pectoris
D000789, Unstable"
D000795,Fabry Disease
D000799,Angioedema
D015783,Aniridia
D015858,Anisometropia
D000844,Ankylosis
D000855,Anorexia
D055008,Anthracosis
D000987,Antisocial Personality Disorder
D001002,Anuria
D001006, Imperforate"
D001007,Anxiety
D001008,Anxiety Disorders
D001010,Separation Anxiety Disorder
D001014,Aortic Aneurysm
D001015,Aortic Arch Syndromes
D001018,Aortic Diseases
D001019,Aortic Rupture
D001024,Aortic Valve Stenosis
D001064,Appendicitis
D001145,Cardiac Arrhythmia
D001157,Arterial Occlusive Diseases
D001161,Arteriosclerosis
D001165,Congenital arteriovenous malformation
D018771,Arthralgia
D001168,Arthritis
D015210, Gouty"
D001170, Infectious"
D015535, Psoriatic"
D001172,Rheumatoid Arthritis
D001184,Articulation Disorders
D001195,Asbestosis
D001229, Allergic Bronchopulmonary"
D001238,Asphyxia Neonatorum
D001247,Asthenia
D001249,Asthma
D001254,Astrocytoma
D001259,Ataxia
D001260,Ataxia Telangiectasia
D013132,Hereditary ataxia (disorder)
D050197,Atherosclerosis
D001281,Atrial Fibrillation
D001282,Atrial Flutter
D054537,Atrioventricular Block
D001321,Autistic Disorder
D053713,Azoospermia
D018410, Bacterial"
D001449,Balkan Nephropathy
D001471,Barrett Esophagus
D001477,Bartter Disease
D001478,Basal Cell Nevus Syndrome
D001480,Basal Ganglia Diseases
D001506,Beckwith-Wiedemann Syndrome
D001523,Behavior Disorders
D001526,Behavioral Symptoms
D001528,Behcet Syndrome
D001602,Beriberi
D001607,Berylliosis
D017086,beta Thalassemia
D001650,Bile Duct Neoplasms
D001651, Extrahepatic"
D001656,Biliary Atresia
D001661,Biliary Tract Neoplasm
D001714,Bipolar Disorder
D001749,Malignant neoplasm of urinary bladder
D001745,Urinary Bladder Diseases
D001748,Bladder neck obstruction
D001763,Blepharoptosis
D001778,Blood Coagulation Disorders
D001791,Blood Platelet Disorders
D001835,Body Weight
D001847,Bone Diseases
D001848, Developmental"
D001851,Metabolic Bone Disorder
D001859,Bone neoplasms
D001862,Bone Resorption
D001913,Bowen's Disease
D001927,Brain Diseases
D001928, Metabolic"
D001929,Cerebral Edema
D001932,Brain Neoplasms
D001943,Malignant neoplasm of breast
D001987,Bronchiectasis
D001988,Bronchiolitis
D001989,Bronchiolitis Obliterans
D001997,Bronchopulmonary Dysplasia
D002006,Brucellosis
D002012,Bruxism
D002051,Burkitt Lymphoma
D002100,Cachexia
D002105,Cadmium poisoning
D002114,Calcinosis
D002128,Calcium Metabolism Disorders
D002177,Candidiasis
D002178, Chronic Mucocutaneous"
D002189,Cannabis Abuse
D002277,Carcinoma
D002278,Carcinoma in Situ
D003110,Malignant tumor of colon
D012004,Rectal Carcinoma
D012878,Malignant neoplasm of skin
D002282,Bronchioloalveolar Adenocarcinoma
D002285,Breast Ductal Carcinoma In Situ
D002289,Non-Small Cell Lung Carcinoma
D002292,Renal Cell Carcinoma
D002294,Squamous cell carcinoma
D002295, Transitional Cell"
D002310, Alcoholic"
D002311, Dilated"
D002312,Hypertrophic Cardiomyopathy
D002313,Restrictive cardiomyopathy
D002318,Cardiovascular Diseases
D002340,Carotid Artery Diseases
D002341,Carotid Artery Thrombosis
D016893,Carotid Stenosis
D002375,Catalepsy
D002430,Cecal Neoplasms
D002446,Celiac Disease
D002493,CNS disorder
D002524,Cerebellar Ataxia
D002532,Intracranial Aneurysm
D002538,Intracranial Arteriovenous Malformation
D002544,Cerebral Infarction
D002545,Brain Ischemia
D002546,Transient Ischemic Attack
D002547,Cerebral Palsy
D002561,Cerebrovascular Disorders
D002578,Cervical dysplasia
D002583,Uterine Cervical Neoplasm
D002607,Charcot-Marie-Tooth Disease
D002637,Chest Pain
D002640,Chiari-Frommel Syndrome
D002658,Developmental Disabilities
D002759,Bile duct adenoma
D008105,Primary Biliary Cholangitis
D015529,Choledochal Cyst
D002769,Cholelithiasis
D002779,Cholestasis
D002781,Cholesteatoma
D002817,Chordoma
D002819,Chorea
D002822,Choriocarcinoma
D002828,Ectopic Tissue
D015862,Choroid Diseases
D002836,Hemophilia B
D002869,Chromosome Aberrations
D002872,Chromosome Deletion
D029481, Chronic"
D002921,Cicatrization
D002971,Cleft upper lip
D002972,Cleft Palate
D003025,Congenital clubfoot
D019970,Harmful pattern of use of cocaine
D003072,Cognition Disorders
D003092,Colitis
D003093,Ulcerative Colitis
D003103,Congenital ocular coloboma
D003108,Colonic Diseases
D003111,Colonic Polyps
D015179,Colorectal Carcinoma
D003123,Hereditary Nonpolyposis Colorectal Neoplasms
D003128,Comatose
D003139,Common Cold
D017074,Common Variable Immunodeficiency
D003147,Communication impairment
D003221,Confusion
D003233,Allergic Conjunctivitis
D003240,Connective Tissue Diseases
D003248,Constipation
D003294,Febrile Convulsions
D003323,Coronary Aneurysm
D003324,Coronary Arteriosclerosis
D003327,Coronary heart disease
D003328,Coronary Thrombosis
D003329,Coronary Artery Vasospasm
D003371,Coughing
D003384,Coxsackievirus Infections
D003394,Craniofacial Dysostosis
D003397,Craniopharyngioma
D003398,Craniosynostosis
D003456,Cryptorchidism
D004381,Curling Ulcer
D003480,Cushing Syndrome
D003528,Adenoid Cystic Carcinoma
D003550,Cystic Fibrosis
D003556,Cystitis
D003560,Cyst
D003586,Cytomegalovirus Infections
D003616,Dandy-Walker Syndrome
D003638,Deafness
D003639, Sudden"
D003677,Deficiency Diseases
D003680,Deglutition Disorders
D015417,Dejerine-Sottas Disease
D003693,Delirium
D015161,Multi-infarct dementia
D015140, Vascular"
D003711,Demyelinating Diseases
D003715,Dengue Fever
D003731,Dental caries
D003863,Mental Depression
D003866,Endogenous depression
D003872,Dermatitis
D003874,Dermatitis Herpetiformis
D003875,Drug Eruptions
D003876, Atopic"
D003877,Contact Dermatitis
D003882,Dermatomyositis
D019957,Developmental Coordination Disorder
D003920,Diabetes Mellitus
D003922, Insulin-Dependent"
D003923,Lipoatrophic Diabetes Mellitus
D003924, Non-Insulin-Dependent"
D003925,Diabetic Angiopathies
D016883,Diabetic Ketoacidosis
D003928,Diabetic Nephropathy
D003929,Diabetic Neuropathies
D003930,Diabetic Retinopathy
D003965,Diaphragmatic Eventration
D003967,Diarrhea
D004062,DiGeorge Syndrome
D004066,Digestive System Disorders
D004067,Digestive System Neoplasms
D004172,Diplopia
D004211,Disseminated Intravascular Coagulation
D043963,Diverticular disease of colon
D004244,Dizziness
D004314,Down Syndrome
D019966,Drug abuse
D004342,Drug Allergy
D064420,Drug toxicity
D015352,Dry Eye Syndromes
D004370,Duane Retraction Syndrome
D020388, Duchenne"
D004374,Patent ductus arteriosus
D004392,Constitutional short stature (disorder)
D004393,Pituitary dwarfism
D004401,Dysarthria
D004406,Dysgammaglobulinemia
D004407,Dysgerminoma
D020820,Dyskinetic syndrome
D004409, Drug-Induced"
D004413,Dysostoses
D004415,Dyspepsia
D004417,Dyspnea
D019263,Dysthymic Disorder
D004421,Dystonia
D004422,Dystonia Musculorum Deformans
D004437,Ebstein Anomaly
D004487,Edema
D004646,Pathological accumulation of air in tissues
D004660,Encephalitis
D004671,Arbovirus encephalitis
D004687,Enchondromatosis
D004694,Endocardial Cushion Defects
D004700,Endocrine System Diseases
D016889,Endometrial Neoplasms
D004714,Endometrial Hyperplasia
D004715,Endometriosis
D004749,Entamoebiasis
D004760,Enterocolitis
D004802,Eosinophilia
D004806,Ependymoma
D013262,Toxic Epidermal Necrolysis
D004820,Epidermolysis Bullosa
D004827,Epilepsy
D004828, Partial"
D004829, Generalized"
D004830,Tonic-Clonic Epilepsy
D004831,Myoclonic Epilepsy
D004832,Absence Epilepsy
D004833, Temporal Lobe"
D004893,Erythema Nodosum
D004933,Esophageal Atresia
D004938,Esophageal Neoplasms
D004941,Esophagitis
D005076,Exanthema
D005124,Eye Abnormalities
D005128,Disorder of eye
D005132,Eye Manifestations
D005134,Eye Neoplasms
D005141,Eyelid Diseases
D005166,Hereditary Factor V Deficiency
D005168,Factor VII Deficiency
D005173,Hereditary Factor XI Deficiency
D005177,Hereditary Factor XIII Deficiency
D005183,Failure to Thrive
D005184,Fallopian Tube Diseases
D005198,Fanconi Syndrome
D005199,Fanconi Anemia
D005203,Farmer's Lung
D005221,Fatigue
D015673,Chronic Fatigue Syndrome
D005234,Fatty Liver
D005235, Alcoholic"
D005262,Feminization
D063647,Fetal Alcohol Syndrome
D005317,Fetal Growth Retardation
D005334,Fever
D005354,Fibrosarcoma
D005355,Fibrosis
D005413,Flatfoot
D005458,Fluoride Poisoning
D005494,Folic Acid Deficiency
D005532,Congenital Foot Deformity
D005600,Fragile X Syndrome
D005621,Friedreich Ataxia
D005706,gallbladder neoplasm
D005729,Ganglioneuroma
D005736,Gardner Syndrome
D005756,Gastritis
D005757, Atrophic"
D005764,Gastroesophageal reflux disease
D006471,Gastrointestinal Hemorrhage
D005770,Gastrointestinal Neoplasms
D005776,Gaucher Disease
D005832, Male"
D005871,Angiolymphoid hyperplasia
D005901,Glaucoma
D015812,Angle Closure Glaucoma
D005902, Open-Angle"
D005909,Glioblastoma
D005910,Glioma
D005911,Gliosis
D005921,Glomerulonephritis
D005922,IGA Glomerulonephritis
D005923,Focal glomerulosclerosis
D006008,Glycogen Storage Disease
D006009,Glycogen storage disease type II
D006012,Glycogen Storage Disease Type V
D006044,Nodular Goiter
D006059,Gonadal Dysgenesis
D006073,Gout
D006086,Graft-vs-Host Disease
D015745, Foreign-Body"
D006104, Plasma Cell"
D015769, Respiratory Tract"
D006105,Chronic granulomatous disease
D006106,granulosa cell tumor
D006111,Graves Disease
D006130,Growth Disorders
D006210,Hallermann's Syndrome
D006212,Hallucinations
D006222,Hamartoma
D006223, Multiple"
D006228,Congenital Hand Deformities
D006232, Foot and Mouth Disease"
D006258,Head and Neck Neoplasms
D006261,Headache
D006317,Noise-induced hearing loss
D006319,Sensorineural Hearing Loss (disorder)
D006323,Cardiac Arrest
D006327,Heart Block
D006330,Congenital Heart Defects
D006331,Heart Diseases
D006332,Cardiomegaly
D006333,Heart failure
D006335,Heart Injuries
D006344,Atrial Septal Defects
D006345,Ventricular Septal Defects
D006349,Heart valve disease
D018883,Heat Stroke
D006391,Hemangioma
D006394,Hemangiosarcoma
D006402,Hematological Disease
D006406,Hematoma
D006417,Hematuria
D006429,Hemiplegia
D006432,Hemochromatosis
D006461,Hemolysis (disorder)
D006463,Hemolytic-Uremic Syndrome
D006467,Hemophilia A
D006470,Hemorrhage
D006474,Hemorrhagic Disorders
D019595,Severe Dengue
D006501,Hepatic Encephalopathy
D006502,Hepatic Vein Thrombosis
D006504,Hepatic Veno-Occlusive Disease
D006505,Hepatitis
D006506,Hepatitis A
D006509,Hepatitis B
D006521, Chronic"
D006526,Hepatitis C
D006527,Hepatolenticular Degeneration
D006529,Hepatomegaly
D006548,Diaphragmatic Hernia
D006556,Heroin Dependence
D006561,Herpes simplex infection
D016849, Herpetic"
D006562,Herpes zoster (disorder)
D006620,Hip Fractures
D006623,Von Hippel-Lindau Syndrome
D006627,Hirschsprung Disease
D006646, Langerhans-Cell"
D015616, Non-Langerhans-Cell"
D015658,HIV Infections
D006689,Hodgkin Disease
D009477, Type 1"
D006816,Huntington Disease
D006819,Hyaline Membrane Disease
D006828,Hydatidiform Mole
D006831,Polyhydramnios
D006849,Hydrocephalus
D006869,Hydronephrosis
D006871,Hydrophthalmos
D015160,Hydrops Fetalis
D006929,Hyperaldosteronism
D006930,Hyperalgesia
D006932,Hyperbilirubinemia
D006933, Hereditary"
D006934,Hypercalcemia
D006937,Hypercholesterolemia
D006938, Familial"
D006940,Hyperemia
D006943,Hyperglycemia
D006945,Hyperhidrosis (disorder)
D006946,Hyperinsulinism
D006947,Increased circulating potassium concentration
D006949,Hyperlipidemia
D006950, Familial Combined"
D006951,Hyperlipoproteinemias
D006952,Hyperlipoproteinemia Type III
D006959,Hyperoxaluria
D006961,Hyperparathyroidism
D006962, Secondary"
D006963,Hyperphagia
D006965,Hyperplasia
D006966,Hyperprolactinemia
D006967,Hypersensitivity
D006969,Immediate hypersensitivity
D006972,Orbital separation excessive
D006973,Hypertensive disease
D006974,Malignant Hypertension
D006975,Portal Hypertension
D006976,Pulmonary Hypertension
D006977,Renal hypertension
D006978, Renovascular"
D006980,Hyperthyroidism
D006983,Hypertrichosis
D015228,Hypertriglyceridemia
D006984,Hypertrophy
D006994,Hypoaldosteronism
D007003,Hypoglycemia
D007006,Hypogonadism
D007009,Hypolipoproteinemias
D007010,Hyponatremia
D007011,Hypoparathyroidism
D007018,Hypopituitarism
D007022,Hypotension
D007024, Orthostatic"
D007035, natural"
D007037,Hypothyroidism
D007057,Ichthyoses
D007079,Ileitis
D007105,Immune Complex Diseases
D007119,Angioimmunoblastic Lymphadenopathy
D007153,Immunologic Deficiency Syndromes
D007174, and Conduct Disorders"
D007177,Inappropriate ADH Syndrome
D007235, Diseases"
D007246,Infertility
D007247,Female infertility
D007248,Male infertility
D007249,Inflammation
D015212,Inflammatory Bowel Diseases
D007251,Influenza
D007333,Insulin Resistance
D007340,insulinoma
D007410,Intestinal Diseases
D007414,Intestinal Neoplasms
D007416,Intestinal Perforation
D007417,Intestinal Polyps
D043183,Irritable Bowel Syndrome
D007511,Ischemia
D007516,Islet Cell Adenoma
D009472,Late-Infantile Neuronal Ceroid Lipofuscinosis
D007569,Jaw Abnormalities
D029593,Jervell-Lange Nielsen Syndrome
D007625,Kearns-Sayre syndrome
D007627,Keloid
D007634,Keratitis
D007635, Dendritic"
D007636,Keratoacanthoma of skin (disorder)
D007640,Keratoconus
D007642,Keratosis
D017492,Seborrheic keratosis
D007674,Kidney Diseases
D058186, Acute"
D007676, Chronic"
D007680,Kidney Neoplasm
D007683,Acute Kidney Tubular Necrosis
D052177,Cystic kidney
D007690,Polycystic Kidney Diseases
D007691,Medullary sponge kidney
D007715,Klippel-Trenaunay-Weber Syndrome
D007724,Vulvar Lichen Sclerosus
D007752,Premature Obstetric Labor
D015624,Lambert-Eaton Myasthenic Syndrome
D007805,Language Development Disorders
D007806,Language Disorders
D007855,Lead Poisoning
D007859,Learning Disorders
D007877,Legionnaires' Disease
D007889,Fibroid Tumor
D007890,leiomyosarcoma
D007896,Leishmaniasis
D016773, Cutaneous"
D007898, Visceral"
D007918,Leprosy
D053609,Lethargy
D007938,leukemia
D015451,Chronic Lymphocytic Leukemia
D007943,Hairy Cell Leukemia
D007945,Lymphoid leukemia
D054198,Childhood Acute Lymphoblastic Leukemia
D007946, Mast-Cell"
D007947,Acute Megakaryocytic Leukemias
D007948,Acute monocytic leukemia
D015470, Acute"
D007951,Myeloid Leukemia
D015479,Acute myelomonocytic leukemia
D015477, Chronic"
D007952, Plasma Cell"
D015473,Acute Promyelocytic Leukemia
D015458, T-Cell"
D015459,Adult T-Cell Lymphoma/Leukemia
D007960,Leukocyte Disorders
D007964,Leukocytosis
D007970,Leukopenia
D008052, Inborn Errors"
D008060,Lipodystrophy
D008064,Lipoidosis
D008067,Lipoma
D008068,Lipomatosis
D008072,Hyperlipoproteinemia Type I
D008080,liposarcoma
D008088,Listeriosis
D020347,Lithiasis
D008103,Liver Cirrhosis
D008104, Alcoholic"
D008107,Liver diseases
D008108,Alcoholic Liver Diseases
D008109, Parasitic"
D008113,Liver neoplasms
D008133,Long QT Syndrome
D008171,Lung diseases
D029424,Chronic Obstructive Airway Disease
D008175,Lung Neoplasms
D008180, Systemic"
D008181,Lupus Nephritis
D008202,Lymphangioma
D008207,Lymphatic Metastasis
D008209,Lymphedema
D008223,Lymphoma
D008224, Follicular"
D008228, Non-Hodgkin"
D008231,Lymphopenia
D008258,Waldenstrom Macroglobulinemia
D008268,Macular degeneration
D008271,Mycetoma
D008288,Malaria
D013274,Malignant neoplasm of stomach
D008339,Mandibular Neoplasms
D008382,Marfan Syndrome
D008415,Mastocytosis
D008441,Maxillary Neoplasms
D008479,Mediastinal Neoplasms
D008527,Medulloblastoma
D008531,Megacolon
D008545,melanoma
D008554,Melioidosis
D008557,Melorheostosis
D008569,Memory Disorders
D018761,Multiple Endocrine Neoplasia Type 1
D018813,Multiple Endocrine Neoplasia Type 2a
D018814,Multiple Endocrine Neoplasia Type 2b
D008575,Meniere Disease
D008579,Meningioma
D008581,Meningitis
D008582,Aseptic Meningitis
D008585,Meningococcal meningitis
D008589,Meningococcal Infections
D008591,Meningomyelocele
D008594,Premature Menopause
D008630,Mercury Poisoning
D008641,Mesenteric Vascular Occlusion
D008649,Mesonephroma
D008654,Mesothelioma
D008659,Metabolic Diseases
D008661,Inborn Errors of Metabolism
D008679,Metaplasia
D008831,Microcephaly
D008844,Micrognathism
D008945,Mitral Valve Prolapse Syndrome
D008998,Monoclonal Gammopathy of Undetermined Significance
D009021,Morphine Dependence
D009059,Mouth Diseases
D009062,Mouth Neoplasms
D009069,Movement Disorders
D009072,Moyamoya Disease
D009080,Mucocutaneous Lymph Node Syndrome
D009101,Multiple Myeloma
D009102,Multiple Organ Failure
D009103,Multiple Sclerosis
D009122,Muscle Hypertonia
D009123,Muscle hypotonia
D009127,Muscle Rigidity
D009128,Muscle Spasticity
D009133,Muscular Atrophy
D009134,Spinal Muscular Atrophy
D009135,Myopathy
D009136,Muscular Dystrophy
D059352,Musculoskeletal Pain
D009155,Mutism
D009157,Myasthenia Gravis
D015270,Mycobacterium avium-intracellulare Infection
D009164,Mycobacterium Infections
D009175,Mycoplasma Infections
D009196,Myeloproliferative disease
D009203,Myocardial Infarction
D015428,Myocardial Reperfusion Injury
D009205,Myocarditis
D009207,Myoclonus
D009208,Myoepithelioma
D009216,Myopia
D009223,Myotonic Dystrophy
D009260,Nail Diseases
D009293,Opioid-Related Disorders
D009303,Nasopharyngeal Neoplasms
D009325,Nausea
D009336,Necrosis
D010020,Avascular necrosis of bone
D009361,Neoplasm Invasiveness
D009364, Local"
D009373, Germ Cell and Embryonal"
D009377,Multiple Endocrine Neoplasia
D009381, Radiation-Induced"
D009382, Unknown Primary"
D009386, Hereditary"
D009389,Pathologic Neovascularization
D009393,Nephritis
D009395, Interstitial"
D009396,Nephroblastoma
D009400,Nephrosclerosis
D009401,Nephrosis
D009404,Nephrotic Syndrome
D009410,Nerve Degeneration
D009422,nervous system disorder
D009436,Neural Tube Defects
D009437,Neuralgia
D009442,Neurilemmoma
D009447,Neuroblastoma
D009455,neurofibroma
D009456,Neurofibromatosis 1
D016518,Neurofibromatosis 2
D009464,Acoustic Neuroma
D009468,Neuromuscular Diseases
D009503,Neutropenia
D009508,Melanocytic nevus
D014029,Nicotine Dependence
D009634,Noonan Syndrome
D009759,Nystagmus
D009765,Obesity
D009767,Morbid obesity
D009771,Obsessive-Compulsive Disorder
D009783, Occupational"
D009784,Occupational Diseases
D009798,Ocular Hypertension
D009837,oligodendroglioma
D009845,Oligospermia
D000096865,Oppositional Defiant Disorder
D009896,Optic Atrophy
D009914,Oral Submucous Fibrosis
D019965, Cognitive Disorders"
D009976,Orthomyxoviridae Infections
D010001,Osteitis Deformans
D010003,Degenerative polyarthritis
D015207,Osteoarthritis of hip
D010009,Osteochondrodysplasias
D010013,Osteogenesis Imperfecta
D010024,Osteoporosis
D015663, Postmenopausal"
D012516,Osteosarcoma
D010026,Osteosclerosis
D010033,Otitis Media
D010048,Ovarian Cysts
D062787,Drug Overdose
D010144, Mammary"
D010145,Paget Disease Extramammary
D010146,Pain
D011565,Pustulosis of Palms and Soles
D010181,Pancreatic Cyst
D010190,Pancreatic Neoplasm
D010198,Pancytopenia
D016584,Panic Disorder
D010201, Nodular Nonsuppurative"
D015864,Panuveitis
D010212,Papilloma
D010229,Paracoccidioidomycosis
D010255,Paranasal Sinus Neoplasms
D015493,Tropical Spastic Paraparesis
D010283,Paratuberculosis
D010292,Paresthesia
D010300,Parkinson Disease
D010302,Secondary Parkinson Disease
D005715, Pathological"
D010391,Bullous pemphigoid
D010392,Pemphigus
D010412,Penile Neoplasms
D010437,Peptic Ulcer
D010438,Peptic Ulcer Hemorrhage
D010490,Pericardial effusion
D010493,Pericarditis
D010518,Pericementitis
D010505,Familial Mediterranean Fever
D010510,Periodontal Diseases
D010520,Aggressive Periodontitis
D010524,Peripheral Nervous System Neoplasms
D010534,Peritoneal Neoplasms
D010580,Peutz-Jeghers Syndrome
D010673,Pheochromocytoma
D000072861, Social"
D010911,Pituitary Neoplasms
D010922,Placenta Disorders
D010954,Plasmacytoma
D010981,Platelet Storage Pool Deficiency
D010995,Pleural Diseases
D010996,Pleural effusion (disorder)
D010997,Pleural Neoplasms
D011009,Pneumoconiosis
D011014,Pneumonia
D011015,Aspiration Pneumonia
D011024, Viral"
D011085,Polycystic Ovary Syndrome
D011086,Polycythemia
D011087,Polycythemia Vera
D011123,Polyploidy
D011125,Adenomatous Polyposis Coli
D011127,polyps
D011141,Polyuria
D011183,Postoperative Complications
D011225,Pre-Eclampsia
D011248,Pregnancy Complications
D011249, Cardiovascular"
D011297,Prenatal Exposure Delayed Effects
D011317,Priapism
D009202,Primary cardiomyopathy
D011371,Progeria
D011471,Prostatic Neoplasms
D011472,prostatitis
D011507,Proteinuria
D011561,Pseudoxanthoma Elasticum
D011596,Psychomotor Disorders
D011605,Drug-induced psychosis
D011618,Psychotic Disorders
D011628,Delayed Puberty
D011629,Precocious Puberty
D011649,Pulmonary Alveolar Proteinosis
D011654,Pulmonary Edema
D011655,Pulmonary Embolism
D011658,Pulmonary Fibrosis
D011693,Purpura
D011695,Henoch-Schoenlein Purpura
D011707,Pyloric Stenosis
D011778,Q Fever
D011782,Quadriplegia
D011833, Experimental"
D012021, Abnormal"
D051437,Kidney Failure
D015427,Reperfusion Injury
D012128, Adult"
D012131,Respiratory Insufficiency
D018357,Respiratory Syncytial Virus Infections
D015619,Congenital abnormality of respiratory system
D012141,Respiratory Tract Infections
D015356,Retinal Artery Occlusion
D012162,Retinal Degeneration
D012163,Retinal Detachment
D012164,Retinal Diseases
D015861,Retinal Neovascularization
D012170,Retinal Vein Occlusion
D012174,Retinitis Pigmentosa
D012175,Retinoblastoma
D012178,Retinopathy of Prematurity
D063173,Congenital retrognathism
D015518,Rett Syndrome
D012206,Rhabdomyolysis
D012207,Rhabdomyoma
D012208,Rhabdomyosarcoma
D012218,Rheumatoid Nodule
D012220,Rhinitis
D012468,Salivary Gland Neoplasms
D012507,Sarcoidosis
D017565, Pulmonary"
D012514,Kaposi Sarcoma
D012555,Schistosomiasis mansoni
D012559,Schizophrenia
D012561, Childhood"
D012563,Paranoid Schizophrenia
D015423,Scleritis
D012594,Localized scleroderma
D012595,Systemic Scleroderma
D012600, unspecified"
D012608,Scrapie
D012618,Sea-Blue Histiocyte Syndrome
D012640,Seizures
D018239,Seminoma
D012751,Sezary Syndrome
D012753,Shared Paranoid Disorder
D012771, Hemorrhagic"
D012798,Sialorrhea
D012804,Sick Sinus Syndrome
D012829,Silicosis
D012848,Sinoatrial Block
D012851, Intracranial"
D012868,Congenital anomaly of skin
D012871,Dermatologic disorders
D012873, Genetic"
D012899,Smallpox
D012983,Soft Tissue Neoplasms
D013035,Spasm
D013036,West Syndrome
D020336, Spastic"
D015419, Hereditary"
D013064,Speech Disorders
D013117,Compression of spinal cord
D013118,Spinal Cord Diseases
D013119,Spinal Cord Injuries
D013158,Splenic Diseases
D013160,Splenic Neoplasms
D013163,Splenomegaly
D013167,Ankylosing spondylitis
D013342,Stammering
D013203,Staphylococcal Infections
D013217,Starvation
D013226,Status Epilepticus
D019956,Stereotypic Movement Disorder
D013272,Stomach Diseases
D013276,Gastric ulcer
D013280,Stomatitis
D013281,Aphthous Stomatitis
D013285,Strabismus
D012135,Stridor
D020521,Cerebrovascular accident
D013344,Subacute Sclerosing Panencephalitis
D013345,Subarachnoid Hemorrhage
D013375,Substance Withdrawal Syndrome
D013398,Sudden infant death syndrome
D013405,Suicide
D013494,Progressive supranuclear palsy
D013575,Syncope
D013576,Syndactyly
D013584,synovial sarcoma
D013610,Tachycardia
D013616,Sinus Tachycardia
D013625,Takayasu Arteritis
D013631,Tangier Disease
D013651,Taste Disorders
D013683,Hereditary hemorrhagic telangiectasia
D013684,Telangiectasis
D013700,Giant Cell Arteritis
D013724,Teratoma
D013734,Androgen-Insensitivity Syndrome
D013736,Testicular Neoplasms
D013771,Tetralogy of Fallot
D013796,Thanatophoric Dysplasia
D013832,Thiamine Deficiency
D013915,Thrombasthenia
D013920, Essential"
D013921,Thrombocytopenia
D013923,Thromboembolism
D013927,Thrombosis
D013945,Thymoma
D013959,Thyroid Diseases
D013964,Thyroid Neoplasm
D013971,Thyrotoxicosis
D013981,Tic disorder
D014062,Tongue Neoplasms
D014071,Tooth Abnormalities
D016171,Torsades de Pointes
D014103,Torticollis
D005879,Gilles de la Tourette syndrome
D014138,Tracheoesophageal Fistula
D014141,Trachoma
D014178,Chromosomal translocation
D014188,Transposition of Great Vessels
D014202,Tremor
D014257,Infection by Trichuris trichiura
D014262,Tricuspid Valve Insufficiency
D014277,Trigeminal Neuralgia
D014314,Trisomy
D014375,Tuberculoma
D014396,Pleural Tuberculosis
D014397, Pulmonary"
D014402,Tuberous Sclerosis
D014424,Turner Syndrome
D014435,Typhoid Fever
D014474,Unconscious State
D001289,Attention Deficit Disorder
D014511,Uremia
D014552,Urinary tract infection
D014565,Genitourinary Neoplasms
D014571,Urologic Neoplasms
D014591,Uterine Diseases
D014594,Uterine Neoplasms
D014605,Uveitis
D014606,Anterior uveitis
D015867, Intermediate"
D015866, Posterior"
D014625,Vaginal Neoplasms
D014648,Varicosity
D014652,Vascular Diseases
D014657,Vasculitis
D020246,Venous Thrombosis
D014693,Ventricular Fibrillation
D014694,Ventricular Outflow Obstruction
D017180, Ventricular"
D014717,Vertigo
D014718,Vesico-Ureteral Reflux
D015837,Vestibular Diseases
D014786,Vision Disorders
D014820,Vitiligo
D014839,Vomiting
D014846,Vulvar Neoplasms
D015430,Weight Gain
D014898,Werner Syndrome
D014901,West Nile Fever
D014923,Wiskott-Aldrich Syndrome
D014927,Wolff-Parkinson-White Syndrome
D014929,Wolfram Syndrome
D014987,Xerostomia
D015043,Zollinger-Ellison syndrome
D017488, Epidermolytic"
D018222, Aggressive"
D016108,Epidermolysis Bullosa Dystrophica
D016110,Epidermolysis bullosa simplex herpetiformis
D016127,Heart Valve Prolapse
D016481,Helicobacter Infections
D016142,Holoprosencephaly
D016393,B-Cell Lymphomas
D016403,Diffuse Large B-Cell Lymphoma
D016399,T-Cell Lymphoma
D016410, Cutaneous"
D016411,Peripheral T-Cell Lymphoma
D016269,Milk Allergy
D016116,Piebaldism
D016135,Spina Bifida
D016472,Motor Neuron Disease
D016491,Peripheral Vascular Diseases
D016510,Corneal Neovascularization
D016511,Severe Combined Immunodeficiency
D016535,Bronchial Hyperreactivity
D016543,Central Nervous System Neoplasms
D016574,Seasonal Affective Disorder
D016609, Second Primary"
D016640,Gestational Diabetes
D016649, Premature"
D016715,Proteus Syndrome
D016726, Pulmonary"
D016736,Antiphospholipid Syndrome
D016757,Sudden Cardiac Death
D016864,Li-Fraumeni Syndrome
D016871,Pasteurellaceae Infections
D016891, Autosomal Dominant"
D016920, Bacterial"
D017034, Frontal Lobe"
D017044,Autosomal Recessive Polycystic Kidney Disease
D000075222,Essential Hypertension
D023341,Chills
D059606,Polydipsia
D017093,Liver Failure
D017789,Pyogenic granuloma
D017285,Polymyositis
D000080203,Hamman-Rich syndrome
D016884,Polyglandular Type I Autoimmune Syndrome
D002386,Cataract
D012859,Sicca Syndrome
D020754, Spinocerebellar"
D020258,Toxic encephalopathy
D050500, Chronic"
D000082882,Bicuspid aortic valve
D019955,Conduct Disorder
D020031,Epstein-Barr Virus Infections
D017379,Left Ventricular Hypertrophy
D019226,Oral Ulcer
D055752,Small cell carcinoma of lung
D008881,Migraine Disorders
D020426,Sciatic Neuropathy
D009139,Congenital musculoskeletal anomalies
D047928,Premature Birth
D018879,Premature ventricular contractions
D020300,Intracranial Hemorrhage
D017202,Myocardial Ischemia
D000096142,Cutaneous Melanoma
D018908,Muscle Weakness
D000077192,Adenocarcinoma of lung (disorder)
D011115,Polyneuropathy
D018636,Hypoplastic Left Heart Syndrome
D057066,Low Tension Glaucoma
D023981,Granulocytic Sarcoma
D065817,Congenital small ears
D017689,Polydactyly
D012811,Malignant neoplasm of sigmoid colon
D020325,Migraine with Aura
D018917, Ischemic"
D018424,Middle Ear Cholesteatoma
D011018,Streptococcal pneumonia
D003424,Crohn's disease of large bowel
D054079,Vascular anomaly
D000326,Adrenoleukodystrophy
D044342,Malnutrition
D016767,Caroli Disease
D017096,Prion Diseases
D017098,Immunoglobulin A deficiency (disorder)
D017114, Acute"
D017204,Angelman Syndrome
D017240,Mitochondrial Myopathies
D017241,MELAS Syndrome
D017243,MERRF Syndrome
D017246,Chronic progressive external ophthalmoplegia
D017253,Neurofibromatoses
D017380,Right Ventricular Hypertrophy
D017445, Vascular"
D017449, Allergic Contact"
D017495,Hyperpigmentation
D017497,Hidradenitis Suppurativa
D017544, Abdominal"
D017545, Thoracic"
D058495,Sotos' syndrome
D044542,LEOPARD Syndrome
D020914,Centronuclear myopathy
D061085,Agenesis of corpus callosum
D057772,Vascular System Injuries
D059445,Anhedonia
D020371,Pelizaeus-Merzbacher Disease
D004416,Familial Atypical Multiple Mole-Melanoma
D020288,Choroid Plexus Papilloma
D012509,Spindle cell sarcoma
D017563, Interstitial"
D017566,Microvascular Angina
D017599,Neuroectodermal Tumors
D017624,WAGR Syndrome
D017681,Idiopathic Hypereosinophilic Syndrome
D017682,Myocardial Stunning
D045262,Reticulocytosis
D017728,Ki-1+ Anaplastic Large Cell Lymphoma
D017731,Lymphomatoid Papulosis
D017772,Amyloid Neuropathies
D017889,Exfoliation Syndrome
D018188,Cardiovirus Infections
D018197,Hepatoblastoma
D018205,Lipomatous neoplasm
D018208, Myxoid"
D018211,Mesenchymal Chondrosarcoma
D018213, Bone Tissue"
D018218, Fibrous Tissue"
D018221, Abdominal"
D018227,Clear Cell Sarcoma of Soft Tissue
D018232,Alveolar rhabdomyosarcoma
D018233,Embryonal Rhabdomyosarcoma
D018236,Embryonal Carcinoma
D018237,Germinoma
D018242, Primitive"
D018248,Hepatocellular Adenoma
D018256,Adenomatous Polyps
D018262, Clear Cell"
D018263,Follicular thyroid carcinoma
D018267,Acinar Cell Carcinoma
D018268,Adrenocortical carcinoma
D018269, Endometrioid"
D018275, Lobular"
D018276,Medullary carcinoma
D018281,Cholangiocarcinoma
D018287, Large Cell"
D018295,Basal Cell Neoplasm
D018296,Pilomatrixoma
D018305,Ganglioneuroblastoma
D018307,Squamous Cell Neoplasms
D018316,gliosarcoma
D018317,Nerve Sheath Tumors
D018318,Plexiform Neurofibroma
D018319,Neurofibrosarcoma
D018322,Angiofibroma
D018358,Neuroendocrine Tumors
D017880, Congenital"
D000098943,Uveal melanoma
D020936,Familial benign neonatal epilepsy
D022124,Hyperammonemia (disorder)
D049950, Primary"
D034721, Systemic"
D052497,Familial generalized lipodystrophy
D056929,Liddle Syndrome
D049310,Welander Distal Myopathy
D019052, Postpartum"
D000068079,Motor Disorders
D019080,Cafe-au-Lait Spots
D058627,Macrocephaly
D059327,Brachydactyly
D047748,Pituitary-dependent Cushing's disease
D019896,alpha 1-Antitrypsin Deficiency
D019588,Premature aging syndrome
D063806,Myalgia
D020233,Waddling gait
D054318,No-Reflow Phenomenon
D060825,Mental deterioration
D000081015,Ototoxicity
D065630,Congenital diaphragmatic hernia
D020774,Pick Disease of the Brain
D020817,Asperger Syndrome
D021081,Chronobiology Disorders
D019958,Attention Deficit and Disruptive Behavior Disorders
D012735,Physiological Sexual Disorders
D065768,Lennox-Gastaut syndrome
D018979, Inclusion Body"
D046152,Gastrointestinal Stromal Tumors
D020391, Facioscapulohumeral"
D065646,Anaplastic thyroid carcinoma
D000077273,Papillary thyroid carcinoma
D034141,Hypoalbuminemia
D019693,Autoimmune Chronic Hepatitis
D000860,Hypoxia
D023921,Coronary Stenosis
D050171,Dyslipidemias
D007172,Erectile dysfunction
D020734,Parkinsonian Disorders
D055371,Acute Lung Injury
D053099,Azotemia
D018365, Residual"
D018370,Leukocyte-Adhesion Deficiency Syndrome
D018567, Male"
D018633,Congenital atresia of pulmonary valve
D018754,Ventricular Dysfunction
D018785,Tricuspid Atresia
D018805,Sepsis
D018376,Cardiovascular Abnormalities
D010282,Parathyroid adenoma
D054506,Chloracne
D020083, and Osteitis Syndrome"
D055092,Laryngomalacia
D059366, Occupational"
D000075224,Conduction disorder of the heart
D020752,Neurocutaneous Syndromes
D056731,Donohue Syndrome
D056266,Erythrokeratodermia variabilis
D019871,Dyskeratosis Congenita
D004065,Congenital digestive system anomalies
D000075529,Unilateral agenesis of kidney
D012734,Ambiguous genitalia
D054082,Lissencephaly
D010188,Exocrine pancreatic insufficiency
D028243,Familial Cerebral Amyloid Angiopathy
D020176,Tyrosine Transaminase Deficiency Disease
D000098647,Generalized Anxiety Disorder
D001930,Brain Injuries
D056784,Leukoencephalopathy
D020267,MPTP Poisoning
D020329,Essential Tremor
D020190,Juvenile Myoclonic Epilepsy
D008269,Macular retinal edema
D046150,Laron Syndrome
D018149,Impaired glucose tolerance (disorder)
D052496,Familial partial lipodystrophy
D051359,Familial Hemophagocytic Lymphocytosis
D053306,Hyperimmunoglobulin M syndrome
D055370,Lung Injury
D020803,Herpes encephalitis
D012553,Schistosoma hematobium infection
D058922,Inflammatory Breast Carcinoma
D015464,Philadelphia chromosome positive chronic myelogenous leukemia
D000077277,Squamous cell carcinoma of esophagus
D000077195,Oropharyngeal Squamous Cell Carcinoma
D058405,Desmoplastic Small Round Cell Tumor
D018887,Landau-Kleffner Syndrome
D018921,Leukostasis
D019066,Facies
D020261,Arsenic Poisoning
D051346,Difficulty walking
D052016,Inflammatory disease of mucous membrane
D001284,Atrophic
D018302,Astroblastoma
D057180,Frontotemporal dementia
D020326,Common Migraine
D029241,Optic Atrophy 1
D020225,Sagittal Sinus Thrombosis
D000087122,Manic
D049970,Graves Ophthalmopathy
D000080345,Familial Exudative Vitreoretinopathies
D060050,Stable angina
D001020,Subaortic stenosis
D000784,Dissection of aorta
D048909,Complications of Diabetes Mellitus
D061205,Vascular calcification
D054078,Deficiency of mevalonate kinase
D000090542,Homozygous Familial Hypercholesterolemia
D054705,Solitary Mastocytoma of the Skin
D030361,Human papilloma virus infection
D019247,HIV Wasting Syndrome
D015175,Microprolactinoma
D000086002,Malignant mesothelioma
D058249,Birt-Hogg-Dube Syndrome
D020339,Optic Nerve Glioma
D010698,Phobic anxiety disorder
D054429,Juvenile Myelomonocytic Leukemia
D019571,Arrhythmogenic Right Ventricular Dysplasia
D011236,Prediabetes syndrome
D019214,Gingival Overgrowth
D019305, Rolandic"
D019337,Hematopoietic Neoplasms
D019457,Chromosome Breakage
D019465,Craniofacial Abnormalities
D019512, Alcoholic"
D054391,Nasal Type Extranodal NK/T-Cell Lymphoma
D019578,Multiple System Atrophy
D020821,Dystonia Disorders
D020773,Headache Disorders
D044148,Lymphatic Abnormalities
D019851,Thrombophilia
D016553,Immune thrombocytopenic purpura
D053307, Type 1"
D049932,Nijmegen Breakage Syndrome
D000848,Developmental absence of tooth
D065626,Non-alcoholic Fatty Liver Disease
D000072660,Teratozoospermia
D000074009,Syringocystadenoma Papilliferum
D020389, Emery-Dreifuss"
D000083144,Autosomal Dominant Emery-Dreifuss Muscular Dystrophy (disorder)
D001919,Bradycardia
D054220,Cortical dysplasia
D065705,Hemimegalencephaly
D052456,Hypoalphalipoproteinemias
D004410,Dyslexia
D003704,Dementia
D050177,Overweight
D009421,Congenital neurologic anomalies
D020345,Necrotizing Enterocolitis
D020181, Obstructive"
D020250,Postoperative Nausea and Vomiting
D010243,Paralysed
D002659,Pervasive Development Disorder
D024821,Metabolic Syndrome X
D019636,Neurodegenerative Disorders
D019767,Maxillofacial Abnormalities
D019954,Neurobehavioral Manifestations
D019964,Mood Disorders
D056305,Genu varum
D060831,Palmar-plantar erythrodysesthesia syndrome
D012512,Ewings sarcoma
D020967,Myotonic Disorders
D004719,Endomyocardial Fibrosis
D021181,Egg Hypersensitivity
D021183,Allergy to peanuts
D015209,Primary sclerosing cholangitis
D056304,Knee joint valgus deformity
D020270,Alcohol Withdrawal Seizures
D056685,Costello syndrome
D063646,Carcinogenesis
D020138,Hyperhomocysteinemia
D019584,Hot flushes
D012772,Toxic Shock Syndrome
D020078,Neurogenic Inflammation
D020256,Choroidal Neovascularization
D020257,Ventricular Remodeling
D020149,Manganese Poisoning
D050031,Hashimoto Disease
D061325,Hereditary Breast and Ovarian Cancer Syndrome
D020295,Brain Stem Neoplasms
D000071057,Tardive Dyskinesia
D049288, Limb-Girdle"
D020230,Serotonin Syndrome
D009222,Myotonus (finding)
D000152,Acne
D028226, Familial"
D020244, Middle Cerebral Artery"
D033461,Hyperuricemia
D056586,Acute Chest Syndrome
D000092244,Isolated Systolic Hypertension
D058625,End Stage Liver Disease
D045745, Limited"
D020199, Acute"
D057174,Frontotemporal Lobar Degeneration
D028361,Mitochondrial Diseases
D018192,Lymphangioleiomyomatosis
D057178,Primary Progressive Nonfluent Aphasia
D020191, Progressive"
D020234,Gait Ataxia
D020274,Autoimmune Diseases of the Nervous System
D020294, Congenital"
D020323,Phonic tics
D020522, Intermediate"
D020529, Relapsing-Remitting"
D020758,Spinal Cord Vascular Diseases
D020760,Spinal Cord Ischemia
D020925, Brain"
D020938,Focal onset clonic epileptic seizure (finding)
D020961,Lewy Body Disease
D020964,Embryo Loss
D013922,Thrombocytosis
D007021,Hypospadias
D012893,Sleep Disorders
D046110,Pregnancy associated hypertension
D009264,Nail abnormality
D058065,Diabetic Cardiomyopathies
D058499,Retinal Dystrophies
D056486,Drug-Induced Liver Disease
D066126,Cardiotoxicity
D021441, Pancreatic Ductal"
D029242, Leber"
D007319,Sleeplessness
D010051,ovarian neoplasm
D042822,Genomic Instability
D053842,Microsatellite Instability
D013967,Autoimmune thyroiditis
D002812,Chondroma
D007617,Eczema herpeticum
D041761,Cholecystolithiasis
D000083242,Ischemic stroke
D054058,Acute Coronary Syndrome
D049292,Leukoaraiosis
D023903,Coronary Restenosis
D023961,XX"
D024741, Familial"
D024801,Tauopathies
D027601,Polyomavirus Infections
D030321,Denys-Drash Syndrome
D052159,Frasier Syndrome
D000069279,Drug Resistant Epilepsy
D054143, Systolic"
D054144, Diastolic"
D031901,Gestational Trophoblastic Neoplasms
D033162, Incidental"
D034701,Cutaneous Mastocytosis
D039682,HIV-Associated Lipodystrophy Syndrome
D053840,Brugada Syndrome (disorder)
D045169,Severe Acute Respiratory Syndrome
D044584,Ductal Carcinoma
D044483,Intestinal Polyposis
D045743,Diffuse Scleroderma
D029503, Diamond-Blackfan"
D015431,Weight Loss
D003865,Major Depressive Disorder
D048070,Fetal Nutrition Disorders
D054438, BCR-ABL Negative"
D054446,Primary Cutaneous Anaplastic Large Cell Lymphoma
D048550,Hepatic Insufficiency
D005146,Facial asymmetry
D000070779,Fibrous histiocytoma of tendon sheath
D055963, Aspirin-Induced"
D055653,Torre-Muir syndrome
D007897,Mucocutaneous leishmaniasis
D056735,Autoimmune Lymphoproliferative Syndrome
D018201,Congenital Mesoblastic Nephroma
D055847,Hereditary Non-Polyposis Colon Cancer Type 2
D009375,Epithelioma
D034381,hearing impairment
D065666,Mesenteric vascular insufficiency
D018270,Infiltrating duct carcinoma
D049068, Nonsynostotic"
D010259,Paranoia
D014514,Ureteral Calculi
D000067877,Autism Spectrum Disorders
D065886,Neurodevelopmental Disorders
D051436,Chronic Kidney Diseases
D021782,Unilateral multicystic renal dysplasia
D063730,Hypophosphatemic Rickets
D058729,Peripheral Arterial Diseases
D006848,Testicular Hydrocele
D052776,Female Urogenital Diseases
D000071698,Latent Autoimmune Diabetes in Adults
D054990,Idiopathic Pulmonary Fibrosis
D055534, X-Linked"
D054556,Venous Thromboembolism
D006995,Familial hypobetalipoproteinemia
D054091,Periventricular Nodular Heterotopia
D058739,Aberrant Crypt Foci
D054066,T-Cell Large Granular Lymphocyte Leukemia
D011666,Pulmonary Stenosis
D054218,Precursor T-Cell Lymphoblastic Leukemia-Lymphoma
D061218, Treatment-Resistant"
D006528,Liver carcinoma
D052018,Bulimia Nervosa
D055013, Spine"
D015461,T-Cell Prolymphocytic Leukemia
D000098850,Stress-induced polymorphic ventricular tachycardia
D000083143, With Postural Muscle Atrophy"
D009190, Hematopoetic"
D056830,Isolated Noncompaction of the Ventricular Myocardium
D057049,Thrombotic Microangiopathies
D058490, XY Disorders of Sex Development"
D020786,Cavernous Hemangioma of Brain
D000080983,Bone Marrow Failure Disorders
D000077274,Nasopharyngeal carcinoma
D044903, 1"
D058225, Amyloid"
D058426,Neointima
D006061,Swyer Syndrome
D007589, Autosomal Dominant"
D054882, Autosomal Dominant"
D002543,Cerebral Hemorrhage
D000092222,Focal Cortical Dysplasia
D005955,Deficiency of glucose-6-phosphate dehydrogenase
D000081029,Pulmonary arterial hypertension
D000080443,Diffuse Intrinsic Pontine Glioma
D006030,Familial renal glucosuria
D014890,Granulomatosis with polyangiitis
D064726,Triple Negative Breast Neoplasms
D063926,Drug Hypersensitivity Syndrome
D064806,Dysbiosis
D064129, Androgen-Independent"
D064419,Chemically-Induced Disorders
D005687,Galactorrhea
D018352,Middle East Respiratory Syndrome
D013953,Thymus Neoplasms
D008607,Intellectual Disability
D066253,Vascular Remodeling
D054098,Neonatal Alloimmune Thrombocytopenia
D006948,Hyperkinesia
D011595,Psychomotor Agitation
D018285,Perihilar Cholangiocarcinoma
D044905,beta-Mannosidosis
D000070592,Metatarsus Varus
D010244,Bulbar palsy
D000071700,Cone-Rod Dystrophies
D017490, AUTOSOMAL RECESSIVE 1"
D029597,Romano-Ward Syndrome
D065627, 1"
D054000,Nevus Sebaceus of Jadassohn
D000077428,Myelodysplastic syndrome with excess blasts-2
D010014,Osteolysis
D000077216, Ovarian Epithelial"
D002280,Skin Basal Cell Carcinoma
D000080874,Synucleinopathies
D000081207,Inherited Immunodeficiency Diseases
D000086382,COVID-19 Virus Disease
D000082182,Clonal Hematopoiesis
D000083083,Laminopathies
D013341,Parkes Weber syndrome
D001176,Arthrogryposis multiplex congenita